"Image","target"
"1.jpg","kathak"
"2.jpg","kathak"
"3.jpg","kathak"
"4.jpg","kathak"
"5.jpg","kathak"
"7.jpg","kathak"
"8.jpg","kathak"
"10.jpg","kathak"
"12.jpg","kathak"
"15.jpg","kathak"
"16.jpg","kathak"
"18.jpg","kathak"
"19.jpg","kathak"
"21.jpg","kathak"
"22.jpg","kathak"
"24.jpg","kathak"
"25.jpg","kathak"
"26.jpg","kathak"
"27.jpg","kathak"
"29.jpg","kathak"
"30.jpg","kathak"
"31.jpg","kathak"
"32.jpg","kathak"
"36.jpg","kathak"
"37.jpg","kathak"
"39.jpg","kathak"
"42.jpg","kathak"
"43.jpg","kathak"
"44.jpg","kathak"
"46.jpg","kathak"
"47.jpg","kathak"
"49.jpg","kathak"
"50.jpg","kathak"
"51.jpg","kathak"
"52.jpg","kathak"
"53.jpg","kathak"
"54.jpg","kathak"
"56.jpg","kathak"
"58.jpg","kathak"
"60.jpg","kathak"
"62.jpg","kathak"
"63.jpg","kathak"
"65.jpg","kathak"
"66.jpg","kathak"
"68.jpg","manipuri"
"69.jpg","manipuri"
"70.jpg","manipuri"
"72.jpg","manipuri"
"73.jpg","manipuri"
"74.jpg","manipuri"
"75.jpg","manipuri"
"76.jpg","manipuri"
"77.jpg","manipuri"
"78.jpg","manipuri"
"79.jpg","manipuri"
"81.jpg","manipuri"
"82.jpg","manipuri"
"83.jpg","manipuri"
"84.jpg","manipuri"
"85.jpg","manipuri"
"87.jpg","manipuri"
"88.jpg","manipuri"
"89.jpg","manipuri"
"90.jpg","manipuri"
"91.jpg","manipuri"
"93.jpg","manipuri"
"94.jpg","manipuri"
"96.jpg","manipuri"
"98.jpg","manipuri"
"99.jpg","manipuri"
"100.jpg","manipuri"
"101.jpg","manipuri"
"102.jpg","manipuri"
"103.jpg","manipuri"
"104.jpg","manipuri"
"105.jpg","manipuri"
"106.jpg","manipuri"
"107.jpg","manipuri"
"109.jpg","manipuri"
"111.jpg","manipuri"
"113.jpg","bharatanatyam"
"115.jpg","bharatanatyam"
"116.jpg","bharatanatyam"
"117.jpg","bharatanatyam"
"118.jpg","bharatanatyam"
"120.jpg","bharatanatyam"
"121.jpg","bharatanatyam"
"122.jpg","bharatanatyam"
"123.jpg","bharatanatyam"
"124.jpg","bharatanatyam"
"126.jpg","bharatanatyam"
"127.jpg","bharatanatyam"
"130.jpg","bharatanatyam"
"131.jpg","bharatanatyam"
"133.jpg","bharatanatyam"
"134.jpg","bharatanatyam"
"135.jpg","bharatanatyam"
"136.jpg","bharatanatyam"
"137.jpg","bharatanatyam"
"139.jpg","bharatanatyam"
"140.jpg","bharatanatyam"
"141.jpg","bharatanatyam"
"142.jpg","bharatanatyam"
"143.jpg","bharatanatyam"
"144.jpg","bharatanatyam"
"148.jpg","bharatanatyam"
"149.jpg","bharatanatyam"
"151.jpg","bharatanatyam"
"153.jpg","bharatanatyam"
"154.jpg","bharatanatyam"
"155.jpg","bharatanatyam"
"156.jpg","bharatanatyam"
"158.jpg","bharatanatyam"
"159.jpg","bharatanatyam"
"160.jpg","bharatanatyam"
"161.jpg","bharatanatyam"
"163.jpg","bharatanatyam"
"164.jpg","bharatanatyam"
"165.jpg","bharatanatyam"
"166.jpg","bharatanatyam"
"167.jpg","bharatanatyam"
"168.jpg","bharatanatyam"
"169.jpg","bharatanatyam"
"172.jpg","bharatanatyam"
"174.jpg","bharatanatyam"
"176.jpg","bharatanatyam"
"177.jpg","bharatanatyam"
"178.jpg","kathakali"
"179.jpg","kathakali"
"180.jpg","kathakali"
"181.jpg","kathakali"
"182.jpg","kathakali"
"184.jpg","kathakali"
"185.jpg","kathakali"
"186.jpg","kathakali"
"187.jpg","kathakali"
"188.jpg","kathakali"
"190.jpg","kathakali"
"191.jpg","kathakali"
"192.jpg","kathakali"
"195.jpg","kathakali"
"197.jpg","kathakali"
"199.jpg","kathakali"
"201.jpg","kathakali"
"203.jpg","kathakali"
"204.jpg","kathakali"
"205.jpg","kathakali"
"207.jpg","kathakali"
"208.jpg","kathakali"
"209.jpg","kathakali"
"211.jpg","kathakali"
"212.jpg","kathakali"
"213.jpg","kathakali"
"214.jpg","kathakali"
"218.jpg","kathakali"
"219.jpg","kathakali"
"221.jpg","kathakali"
"222.jpg","kathakali"
"223.jpg","kathakali"
"225.jpg","kathakali"
"227.jpg","kathakali"
"228.jpg","kathakali"
"229.jpg","kathakali"
"230.jpg","kathakali"
"231.jpg","kathakali"
"233.jpg","kathakali"
"234.jpg","kathakali"
"235.jpg","kathakali"
"236.jpg","kathakali"
"237.jpg","kathakali"
"240.jpg","kathakali"
"241.jpg","kathakali"
"242.jpg","kathakali"
"243.jpg","kathakali"
"244.jpg","mohiniyattam"
"245.jpg","mohiniyattam"
"247.jpg","mohiniyattam"
"248.jpg","mohiniyattam"
"249.jpg","mohiniyattam"
"250.jpg","mohiniyattam"
"251.jpg","mohiniyattam"
"252.jpg","mohiniyattam"
"253.jpg","mohiniyattam"
"254.jpg","mohiniyattam"
"255.jpg","mohiniyattam"
"257.jpg","mohiniyattam"
"258.jpg","mohiniyattam"
"259.jpg","mohiniyattam"
"260.jpg","mohiniyattam"
"261.jpg","mohiniyattam"
"262.jpg","mohiniyattam"
"263.jpg","mohiniyattam"
"265.jpg","mohiniyattam"
"266.jpg","mohiniyattam"
"267.jpg","mohiniyattam"
"268.jpg","mohiniyattam"
"272.jpg","mohiniyattam"
"273.jpg","mohiniyattam"
"274.jpg","mohiniyattam"
"276.jpg","mohiniyattam"
"277.jpg","mohiniyattam"
"279.jpg","mohiniyattam"
"281.jpg","mohiniyattam"
"282.jpg","mohiniyattam"
"287.jpg","mohiniyattam"
"288.jpg","mohiniyattam"
"289.jpg","mohiniyattam"
"293.jpg","mohiniyattam"
"294.jpg","mohiniyattam"
"295.jpg","mohiniyattam"
"296.jpg","mohiniyattam"
"297.jpg","mohiniyattam"
"298.jpg","mohiniyattam"
"299.jpg","mohiniyattam"
"300.jpg","mohiniyattam"
"303.jpg","mohiniyattam"
"304.jpg","mohiniyattam"
"305.jpg","mohiniyattam"
"307.jpg","mohiniyattam"
"308.jpg","mohiniyattam"
"309.jpg","mohiniyattam"
"310.jpg","mohiniyattam"
"311.jpg","mohiniyattam"
"312.jpg","mohiniyattam"
"313.jpg","sattriya"
"314.jpg","sattriya"
"315.jpg","sattriya"
"319.jpg","sattriya"
"320.jpg","sattriya"
"321.jpg","sattriya"
"322.jpg","sattriya"
"325.jpg","sattriya"
"326.jpg","sattriya"
"327.jpg","sattriya"
"328.jpg","sattriya"
"329.jpg","sattriya"
"331.jpg","sattriya"
"333.jpg","sattriya"
"334.jpg","sattriya"
"335.jpg","sattriya"
"336.jpg","sattriya"
"337.jpg","sattriya"
"338.jpg","sattriya"
"339.jpg","sattriya"
"341.jpg","sattriya"
"342.jpg","sattriya"
"343.jpg","sattriya"
"344.jpg","sattriya"
"345.jpg","sattriya"
"347.jpg","sattriya"
"348.jpg","sattriya"
"350.jpg","sattriya"
"351.jpg","sattriya"
"352.jpg","sattriya"
"353.jpg","sattriya"
"355.jpg","sattriya"
"356.jpg","sattriya"
"357.jpg","sattriya"
"359.jpg","sattriya"
"361.jpg","sattriya"
"362.jpg","sattriya"
"364.jpg","sattriya"
"365.jpg","sattriya"
"367.jpg","sattriya"
"368.jpg","sattriya"
"369.jpg","sattriya"
"370.jpg","sattriya"
"371.jpg","sattriya"
"372.jpg","sattriya"
"376.jpg","kuchipudi"
"377.jpg","kuchipudi"
"379.jpg","kuchipudi"
"381.jpg","kuchipudi"
"382.jpg","kuchipudi"
"383.jpg","kuchipudi"
"384.jpg","kuchipudi"
"387.jpg","kuchipudi"
"388.jpg","kuchipudi"
"389.jpg","kuchipudi"
"391.jpg","kuchipudi"
"393.jpg","kuchipudi"
"395.jpg","kuchipudi"
"396.jpg","kuchipudi"
"397.jpg","kuchipudi"
"399.jpg","kuchipudi"
"400.jpg","kuchipudi"
"402.jpg","kuchipudi"
"403.jpg","kuchipudi"
"404.jpg","kuchipudi"
"405.jpg","kuchipudi"
"406.jpg","kuchipudi"
"407.jpg","kuchipudi"
"408.jpg","kuchipudi"
"409.jpg","kuchipudi"
"412.jpg","kuchipudi"
"413.jpg","kuchipudi"
"415.jpg","kuchipudi"
"417.jpg","kuchipudi"
"418.jpg","kuchipudi"
"419.jpg","kuchipudi"
"420.jpg","kuchipudi"
"422.jpg","kuchipudi"
"423.jpg","kuchipudi"
"425.jpg","kuchipudi"
"426.jpg","kuchipudi"
"427.jpg","kuchipudi"
"428.jpg","kuchipudi"
"430.jpg","kuchipudi"
"432.jpg","kuchipudi"
"433.jpg","kuchipudi"
"434.jpg","kuchipudi"
"435.jpg","kuchipudi"
"436.jpg","kuchipudi"
"442.jpg","kuchipudi"
"443.jpg","kuchipudi"
"444.jpg","odissi"
"445.jpg","odissi"
"446.jpg","odissi"
"449.jpg","odissi"
"450.jpg","odissi"
"451.jpg","odissi"
"452.jpg","odissi"
"453.jpg","odissi"
"454.jpg","odissi"
"455.jpg","odissi"
"459.jpg","odissi"
"462.jpg","odissi"
"464.jpg","odissi"
"466.jpg","odissi"
"468.jpg","odissi"
"469.jpg","odissi"
"471.jpg","odissi"
"472.jpg","odissi"
"474.jpg","odissi"
"475.jpg","odissi"
"476.jpg","odissi"
"477.jpg","odissi"
"478.jpg","odissi"
"480.jpg","odissi"
"481.jpg","odissi"
"483.jpg","odissi"
"486.jpg","odissi"
"488.jpg","odissi"
"489.jpg","odissi"
"490.jpg","odissi"
"491.jpg","odissi"
"492.jpg","odissi"
"493.jpg","odissi"
"494.jpg","odissi"
"496.jpg","odissi"
"497.jpg","odissi"
"499.jpg","odissi"
"500.jpg","odissi"
"501.jpg","odissi"
"502.jpg","odissi"
"503.jpg","odissi"
"504.jpg","odissi"
"509.jpg","odissi"
"511.jpg","odissi"
"512.jpg","odissi"
"512.jpg","odissi"
"515.jpg","odissi"
"516.jpg","odissi"
"519.jpg","odissi"
"521.jpg","kathak "
"522.jpg","kathak"
"523.jpg","kathak"
"524.jpg","kathak"
"525.jpg","kathak"
"526.jpg","kathak"
"527.jpg","kathak"
"528.jpg","kathak"
"529.jpg","kathak"
"530.jpg","kathak"
"531.jpg","kathak"
"532.jpg","kathak"
"533.jpg","kathak"
"534.jpg","kathak"
"535.jpg","kathak"
"536.jpg","kathak"
"537.jpg","kathak"
"538.jpg","kathak"
"539.jpg","kathak"
"540.jpg","kathak"
"541.jpg","kathak"
"542.jpg","kathak"
"543.jpg","kathak"
"544.jpg","kathak"
"545.jpg","kathak"
"546.jpg","kathak"
"547.jpg","kathak"
"548.jpg","kathak"
"549.jpg","kathak"
"550.jpg","kathak"
"551.jpg","kathak"
"552.jpg","kathak"
"553.jpg","kathak"
"554.jpg","kathak"
"555.jpg","kathak"
"556.jpg","kathak"
"557.jpg","kathak"
"558.jpg","kathak"
"559.jpg","kathak"
"560.jpg","kathak"
"561.jpg","kathak"
"562.jpg","kathak"
"563.jpg","kathak"
"564.jpg","kathak"
"565.jpg","kathak"
"566.jpg","kathak"
"567.jpg","kathak"
"568.jpg","kathak"
"569.jpg","kathak"
"570.jpg","kathak"
"571.jpg","kathak"
"572.jpg","kathak"
"573.jpg","kathak"
"574.jpg","kathak"
"575.jpg","kathak"
"576.jpg","kathak"
"577.jpg","kathak"
"578.jpg","kathak"
"579.jpg","kathak"
"580.jpg","kathak"
"581.jpg","kathak"
"582.jpg","kathak"
"583.jpg","kathak"
"584.jpg","kathak"
"585.jpg","kathak"
"586.jpg","kathak"
"587.jpg","kathak"
"588.jpg","kathak"
"589.jpg","kathak"
"590.jpg","kathak"
"591.jpg","kathak"
"592.jpg","kathak"
"593.jpg","kathak"
"594.jpg","kathak"
"595.jpg","kathak"
"596.jpg","kathak"
"597.jpg","kathak"
"598.jpg","kathak"
"599.jpg","kathak"
"600.jpg","kathak"
"601.jpg","kathak"
"602.jpg","kathak"
"603.jpg","kathak"
"604.jpg","kathak"
"605.jpg","kathak"
"606.jpg","kathak"
"607.jpg","kathak"
"608.jpg","kathak"
"609.jpg","kathak"
"610.jpg","kathak"
"611.jpg","kathak"
"612.jpg","kathak"
"613.jpg","kathak"
"614.jpg","kathak"
"615.jpg","kathak"
"616.jpg","kathak"
"617.jpg","kathak"
"618.jpg","kathak"
"619.jpg","kathak"
"620.jpg","kathak"
"621.jpg","kathak"
"622.jpg","kathak"
"623.jpg","manipuri"
"624.jpg","manipuri"
"625.jpg","manipuri"
"626.jpg","manipuri"
"627.jpg","manipuri"
"628.jpg","manipuri"
"629.jpg","manipuri"
"630.jpg","manipuri"
"631.jpg","manipuri"
"632.jpg","manipuri"
"633.jpg","manipuri"
"634.jpg","manipuri"
"635.jpg","manipuri"
"636.jpg","manipuri"
"637.jpg","manipuri"
"638.jpg","manipuri"
"639.jpg","manipuri"
"640.jpg","manipuri"
"641.jpg","manipuri"
"642.jpg","manipuri"
"643.jpg","manipuri"
"644.jpg","manipuri"
"645.jpg","manipuri"
"646.jpg","manipuri"
"647.jpg","manipuri"
"648.jpg","manipuri"
"649.jpg","manipuri"
"650.jpg","manipuri"
"651.jpg","manipuri"
"652.jpg","manipuri"
"653.jpg","manipuri"
"654.jpg","manipuri"
"655.jpg","manipuri"
"656.jpg","manipuri"
"657.jpg","manipuri"
"658.jpg","manipuri"
"659.jpg","manipuri"
"660.jpg","manipuri"
"661.jpg","bharatanatyam"
"662.jpg","bharatanatyam"
"663.jpg","bharatanatyam"
"664.jpg","bharatanatyam"
"665.jpg","bharatanatyam"
"666.jpg","bharatanatyam"
"667.jpg","bharatanatyam"
"668.jpg","bharatanatyam"
"669.jpg","bharatanatyam"
"670.jpg","bharatanatyam"
"671.jpg","bharatanatyam"
"672.jpg","bharatanatyam"
"673.jpg","bharatanatyam"
"674.jpg","bharatanatyam"
"675.jpg","bharatanatyam"
"676.jpg","bharatanatyam"
"677.jpg","bharatanatyam"
"678.jpg","bharatanatyam"
"679.jpg","bharatanatyam"
"680.jpg","bharatanatyam"
"681.jpg","bharatanatyam"
"682.jpg","bharatanatyam"
"683.jpg","bharatanatyam"
"684.jpg","bharatanatyam"
"685.jpg","bharatanatyam"
"686.jpg","bharatanatyam"
"687.jpg","bharatanatyam"
"688.jpg","bharatanatyam"
"689.jpg","bharatanatyam"
"690.jpg","bharatanatyam"
"691.jpg","bharatanatyam"
"692.jpg","bharatanatyam"
"693.jpg","bharatanatyam"
"694.jpg","bharatanatyam"
"695.jpg","bharatanatyam"
"696.jpg","bharatanatyam"
"697.jpg","bharatanatyam"
"698.jpg","bharatanatyam"
"699.jpg","bharatanatyam"
"700.jpg","bharatanatyam"
"701.jpg","bharatanatyam"
"702.jpg","bharatanatyam"
"703.jpg","bharatanatyam"
"704.jpg","bharatanatyam"
"705.jpg","bharatanatyam"
"706.jpg","bharatanatyam"
"707.jpg","bharatanatyam"
"708.jpg","bharatanatyam"
"709.jpg","bharatanatyam"
"710.jpg","bharatanatyam"
"711.jpg","bharatanatyam"
"712.jpg","bharatanatyam"
"713.jpg","bharatanatyam"
"714.jpg","bharatanatyam"
"715.jpg","bharatanatyam"
"716.jpg","bharatanatyam"
"717.jpg","bharatanatyam"
"718.jpg","bharatanatyam"
"719.jpg","bharatanatyam"
"720.jpg","bharatanatyam"
"721.jpg","bharatanatyam"
"722.jpg","bharatanatyam"
"723.jpg","bharatanatyam"
"724.jpg","bharatanatyam"
"725.jpg","bharatanatyam"
"726.jpg","bharatanatyam"
"727.jpg","bharatanatyam"
"728.jpg","bharatanatyam"
"729.jpg","bharatanatyam"
"730.jpg","bharatanatyam"
"731.jpg","bharatanatyam"
"732.jpg","bharatanatyam"
"733.jpg","bharatanatyam"
"734.jpg","bharatanatyam"
"735.jpg","bharatanatyam"
"736.jpg","bharatanatyam"
"737.jpg","bharatanatyam"
"738.jpg","bharatanatyam"
"739.jpg","bharatanatyam"
"740.jpg","bharatanatyam"
"741.jpg","bharatanatyam"
"742.jpg","bharatanatyam"
"743.jpg","bharatanatyam"
"744.jpg","bharatanatyam"
"745.jpg","bharatanatyam"
"746.jpg","bharatanatyam"
"747.jpg","bharatanatyam"
"748.jpg","bharatanatyam"
"749.jpg","bharatanatyam"
"750.jpg","bharatanatyam"
"751.jpg","bharatanatyam"
"752.jpg","bharatanatyam"
"753.jpg","bharatanatyam"
"754.jpg","bharatanatyam"
"755.jpg","bharatanatyam"
"756.jpg","bharatanatyam"
"757.jpg","bharatanatyam"
"758.jpg","bharatanatyam"
"759.jpg","bharatanatyam"
"760.jpg","bharatanatyam"
"761.jpg","kathakali"
"762.jpg","kathakali"
"763.jpg","kathakali"
"764.jpg","kathakali"
"765.jpg","kathakali"
"766.jpg","kathakali"
"767.jpg","kathakali"
"768.jpg","kathakali"
"769.jpg","kathakali"
"770.jpg","kathakali"
"771.jpg","kathakali"
"772.jpg","kathakali"
"773.jpg","kathakali"
"774.jpg","kathakali"
"775.jpg","kathakali"
"776.jpg","kathakali"
"777.jpg","kathakali"
"778.jpg","kathakali"
"779.jpg","kathakali"
"780.jpg","kathakali"
"781.jpg","kathakali"
"782.jpg","kathakali"
"783.jpg","kathakali"
"784.jpg","kathakali"
"785.jpg","kathakali"
"786.jpg","kathakali"
"787.jpg","kathakali"
"788.jpg","kathakali"
"789.jpg","kathakali"
"790.jpg","kathakali"
"791.jpg","kathakali"
"792.jpg","kathakali"
"793.jpg","kathakali"
"794.jpg","kathakali"
"795.jpg","kathakali"
"796.jpg","kathakali"
"797.jpg","kathakali"
"798.jpg","kathakali"
"799.jpg","kathakali"
"800.jpg","kathakali"
"801.jpg","mohiniyattam"
"802.jpg","mohiniyattam"
"803.jpg","mohiniyattam"
"804.jpg","mohiniyattam"
"805.jpg","mohiniyattam"
"806.jpg","mohiniyattam"
"807.jpg","mohiniyattam"
"808.jpg","mohiniyattam"
"809.jpg","mohiniyattam"
"810.jpg","mohiniyattam"
"811.jpg","mohiniyattam"
"812.jpg","mohiniyattam"
"813.jpg","mohiniyattam"
"814.jpg","mohiniyattam"
"815.jpg","mohiniyattam"
"816.jpg","mohiniyattam"
"817.jpg","mohiniyattam"
"818.jpg","mohiniyattam"
"819.jpg","mohiniyattam"
"820.jpg","mohiniyattam"
"821.jpg","mohiniyattam"
"822.jpg","mohiniyattam"
"823.jpg","mohiniyattam"
"824.jpg","mohiniyattam"
"826.jpg","mohiniyattam"
"827.jpg","mohiniyattam"
"828.jpg","mohiniyattam"
"829.jpg","mohiniyattam"
"830.jpg","mohiniyattam"
"831.jpg","mohiniyattam"
"832.jpg","mohiniyattam"
"833.jpg","mohiniyattam"
"834.jpg","mohiniyattam"
"835.jpg","mohiniyattam"
"836.jpg","mohiniyattam"
"837.jpg","mohiniyattam"
"838.jpg","mohiniyattam"
"839.jpg","mohiniyattam"
"840.jpg","mohiniyattam"
"841.jpg","sattriya"
"842.jpg","sattriya"
"843.jpg","sattriya"
"844.jpg","sattriya"
"845.jpg","sattriya"
"846.jpg","sattriya"
"847.jpg","sattriya"
"848.jpg","sattriya"
"849.jpg","sattriya"
"850.jpg","sattriya"
"851.jpg","sattriya"
"852.jpg","sattriya"
"853.jpg","sattriya"
"854.jpg","sattriya"
"855.jpg","sattriya"
"856.jpg","sattriya"
"857.jpg","sattriya"
"858.jpg","sattriya"
"859.jpg","sattriya"
"860.jpg","sattriya"
"861.jpg","sattriya"
"862.jpg","sattriya"
"863.jpg","sattriya"
"864.jpg","sattriya"
"865.jpg","sattriya"
"866.jpg","sattriya"
"867.jpg","sattriya"
"868.jpg","sattriya"
"869.jpg","sattriya"
"870.jpg","sattriya"
"871.jpg","sattriya"
"872.jpg","sattriya"
"873.jpg","sattriya"
"874.jpg","sattriya"
"875.jpg","sattriya"
"876.jpg","sattriya"
"877.jpg","sattriya"
"878.jpg","sattriya"
"879.jpg","sattriya"
"880.jpg","sattriya"
"881.jpg","sattriya"
"882.jpg","sattriya"
"883.jpg","sattriya"
"884.jpg","sattriya"
"885.jpg","sattriya"
"886.jpg","sattriya"
"887.jpg","sattriya"
"888.jpg","sattriya"
"889.jpg","sattriya"
"890.jpg","sattriya"
"891.jpg","sattriya"
"892.jpg","sattriya"
"893.jpg","sattriya"
"894.jpg","sattriya"
"895.jpg","sattriya"
"896.jpg","sattriya"
"897.jpg","sattriya"
"898.jpg","sattriya"
"899.jpg","sattriya"
"900.jpg","sattriya"
"901.jpg","kuchipudi"
"902.jpg","kuchipudi"
"903.jpg","kuchipudi"
"904.jpg","kuchipudi"
"905.jpg","kuchipudi"
"906.jpg","kuchipudi"
"907.jpg","kuchipudi"
"908.jpg","kuchipudi"
"909.jpg","kuchipudi"
"910.jpg","kuchipudi"
"911.jpg","kuchipudi"
"912.jpg","kuchipudi"
"913.jpg","kuchipudi"
"914.jpg","kuchipudi"
"915.jpg","kuchipudi"
"916.jpg","kuchipudi"
"917.jpg","kuchipudi"
"918.jpg","kuchipudi"
"919.jpg","kuchipudi"
"920.jpg","kuchipudi"
"921.jpg","kuchipudi"
"922.jpg","kuchipudi"
"923.jpg","kuchipudi"
"924.jpg","kuchipudi"
"925.jpg","kuchipudi"
"926.jpg","kuchipudi"
"927.jpg","kuchipudi"
"928.jpg","kuchipudi"
"929.jpg","kuchipudi"
"930.jpg","kuchipudi"
"931.jpg","kuchipudi"
"932.jpg","kuchipudi"
"933.jpg","kuchipudi"
"934.jpg","kuchipudi"
"935.jpg","kuchipudi"
"936.jpg","kuchipudi"
"937.jpg","kuchipudi"
"938.jpg","kuchipudi"
"939.jpg","kuchipudi"
"940.jpg","kuchipudi"
"941.jpg","kuchipudi"
"942.jpg","kuchipudi"
"943.jpg","kuchipudi"
"944.jpg","kuchipudi"
"945.jpg","kuchipudi"
"946.jpg","kuchipudi"
"947.jpg","kuchipudi"
"948.jpg","kuchipudi"
"949.jpg","kuchipudi"
"950.jpg","kuchipudi"
"951.jpg","kuchipudi"
"952.jpg","kuchipudi"
"953.jpg","kuchipudi"
"954.jpg","kuchipudi"
"955.jpg","kuchipudi"
"956.jpg","kuchipudi"
"957.jpg","kuchipudi"
"958.jpg","kuchipudi"
"959.jpg","kuchipudi"
"960.jpg","kuchipudi"
"961.jpg","kuchipudi"
"962.jpg","kuchipudi"
"963.jpg","kuchipudi"
"964.jpg","kuchipudi"
"965.jpg","kuchipudi"
"966.jpg","kuchipudi"
"967.jpg","kuchipudi"
"968.jpg","kuchipudi"
"969.jpg","kuchipudi"
"970.jpg","kuchipudi"
"971.jpg","kuchipudi"
"972.jpg","kuchipudi"
"973.jpg","kuchipudi"
"974.jpg","kuchipudi"
"975.jpg","kuchipudi"
"976.jpg","kuchipudi"
"977.jpg","kuchipudi"
"978.jpg","kuchipudi"
"979.jpg","kuchipudi"
"980.jpg","kuchipudi"
"981.jpg","kuchipudi"
"982.jpg","kuchipudi"
"983.jpg","kuchipudi"
"984.jpg","kuchipudi"
"985.jpg","kuchipudi"
"986.jpg","kuchipudi"
"987.jpg","kuchipudi"
"988.jpg","kuchipudi"
"989.jpg","kuchipudi"
"990.jpg","kuchipudi"
"991.jpg","kuchipudi"
"992.jpg","kuchipudi"
"993.jpg","kuchipudi"
"994.jpg","kuchipudi"
"995.jpg","kuchipudi"
"996.jpg","kuchipudi"
"997.jpg","kuchipudi"
"998.jpg","kuchipudi"
"999.jpg","kuchipudi"
"1000.jpg","kuchipudi"
"1001.jpg","kuchipudi"
"1002.jpg","kuchipudi"
"1003.jpg","kuchipudi"
"1004.jpg","kuchipudi"
"1005.jpg","kuchipudi"
"1006.jpg","kuchipudi"
"1007.jpg","kuchipudi"
"1008.jpg","kuchipudi"
"1009.jpg","kuchipudi"
"1010.jpg","kuchipudi"
"1011.jpg","kuchipudi"
"1012.jpg","kuchipudi"
"1013.jpg","kuchipudi"
"1014.jpg","kuchipudi"
"1015.jpg","kuchipudi"
"1016.jpg","kuchipudi"
"1017.jpg","kuchipudi"
"1018.jpg","kuchipudi"
"1019.jpg","kuchipudi"
"1020.jpg","kuchipudi"
"1021.jpg","odissi"
"1022.jpg","odissi"
"1023.jpg","odissi"
"1024.jpg","odissi"
"1025.jpg","odissi"
"1026.jpg","odissi"
"1027.jpg","odissi"
"1028.jpg","odissi"
"1029.jpg","odissi"
"1030.jpg","odissi"
"1031.jpg","odissi"
"1032.jpg","odissi"
"1033.jpg","odissi"
"1034.jpg","odissi"
"1035.jpg","odissi"
"1036.jpg","odissi"
"1037.jpg","odissi"
"1038.jpg","odissi"
"1039.jpg","odissi"
"1040.jpg","odissi"
"1041.jpg","odissi"
"1042.jpg","odissi"
"1043.jpg","odissi"
"1044.jpg","odissi"
"1045.jpg","odissi"
"1046.jpg","odissi"
"1047.jpg","odissi"
"1048.jpg","odissi"
"1049.jpg","odissi"
"1050.jpg","odissi"
"1051.jpg","odissi"
"1052.jpg","odissi"
"1053.jpg","odissi"
"1054.jpg","odissi"
"1055.jpg","odissi"
"1056.jpg","odissi"
"1057.jpg","odissi"
"1058.jpg","odissi"
"1059.jpg","odissi"
"1060.jpg","odissi"
"1061.jpg","odissi"
"1062.jpg","odissi"
"1063.jpg","odissi"
"1064.jpg","odissi"
"1065.jpg","odissi"
"1066.jpg","odissi"
"1067.jpg","odissi"
"1068.jpg","odissi"
"1069.jpg","odissi"
"1070.jpg","odissi"
"1071.jpg","odissi"
"1072.jpg","odissi"
"1073.jpg","odissi"
"1074.jpg","odissi"
"1075.jpg","odissi"
"1076.jpg","odissi"
"1077.jpg","odissi"
"1078.jpg","odissi"
"1079.jpg","odissi"
"1080.jpg","odissi"
"1081.jpg","odissi"
"1082.jpg","odissi"
"1083.jpg","odissi"
"1084.jpg","odissi"
"1085.jpg","odissi"
"1086.jpg","odissi"
"1087.jpg","odissi"
"1088.jpg","odissi"
"1089.jpg","odissi"
"1090.jpg","odissi"
"1091.jpg","odissi"
"1092.jpg","odissi"
"1093.jpg","odissi"
"1094.jpg","odissi"
"1095.jpg","odissi"
"1096.jpg","odissi"
"1097.jpg","odissi"
"1098.jpg","odissi"
"1099.jpg","odissi"
"1100.jpg","odissi"
"1101.jpg","manipuri"
"1102.jpg","manipuri"
"1103.jpg","manipuri"
"1104.jpg","manipuri"
"1105.jpg","manipuri"
"1106.jpg","manipuri"
"1107.jpg","manipuri"
"1108.jpg","manipuri"
"1109.jpg","manipuri"
"1110.jpg","manipuri"
"1111.jpg","manipuri"
"1112.jpg","manipuri"
"1113.jpg","manipuri"
"1114.jpg","manipuri"
"1115.jpg","manipuri"
"1116.jpg","manipuri"
"1117.jpg","manipuri"
"1118.jpg","manipuri"
"1119.jpg","manipuri"
"1120.jpg","manipuri"
"1121.jpg","manipuri"
"1122.jpg","manipuri"
"1123.jpg","manipuri"
"1124.jpg","manipuri"
"1125.jpg","manipuri"
"1126.jpg","manipuri"
"1127.jpg","manipuri"
"1128.jpg","manipuri"
"1129.jpg","manipuri"
"1130.jpg","manipuri"
"1131.jpg","manipuri"
"1132.jpg","manipuri"
"1133.jpg","manipuri"
"1134.jpg","manipuri"
"1135.jpg","manipuri"
"1136.jpg","manipuri"
"1137.jpg","manipuri"
"1138.jpg","manipuri"
"1139.jpg","manipuri"
"1140.jpg","manipuri"
"1141.jpg","manipuri"
"1142.jpg","manipuri"
"1143.jpg","manipuri"
"1144.jpg","manipuri"
"1145.jpg","manipuri"
"1146.jpg","manipuri"
"1147.jpg","manipuri"
"1148.jpg","manipuri"
"1149.jpg","manipuri"
"1150.jpg","manipuri"
"1151.jpg","manipuri"
"1152.jpg","manipuri"
"1153.jpg","manipuri"
"1154.jpg","manipuri"
"1155.jpg","manipuri"
"1156.jpg","manipuri"
"1157.jpg","manipuri"
"1158.jpg","manipuri"
"1159.jpg","manipuri"
"1160.jpg","manipuri"
"1161.jpg","manipuri"
"1162.jpg","manipuri"
"1163.jpg","kathakali"
"1164.jpg","kathakali"
"1165.jpg","kathakali"
"1166.jpg","kathakali"
"1167.jpg","kathakali"
"1168.jpg","kathakali"
"1169.jpg","kathakali"
"1170.jpg","kathakali"
"1171.jpg","kathakali"
"1172.jpg","kathakali"
"1173.jpg","kathakali"
"1174.jpg","kathakali"
"1175.jpg","kathakali"
"1176.jpg","kathakali"
"1177.jpg","kathakali"
"1178.jpg","kathakali"
"1179.jpg","kathakali"
"1180.jpg","kathakali"
"1181.jpg","kathakali"
"1182.jpg","kathakali"
"1183.jpg","kathakali"
"1184.jpg","kathakali"
"1185.jpg","kathakali"
"1186.jpg","kathakali"
"1187.jpg","kathakali"
"1188.jpg","kathakali"
"1189.jpg","kathakali"
"1190.jpg","kathakali"
"1191.jpg","kathakali"
"1192.jpg","kathakali"
"1193.jpg","kathakali"
"1194.jpg","kathakali"
"1195.jpg","kathakali"
"1196.jpg","kathakali"
"1197.jpg","kathakali"
"1198.jpg","kathakali"
"1199.jpg","kathakali"
"1200.jpg","kathakali"
"1201.jpg","kathakali"
"1202.jpg","kathakali"
"1203.jpg","kathakali"
"1204.jpg","kathakali"
"1205.jpg","kathakali"
"1206.jpg","kathakali"
"1207.jpg","kathakali"
"1208.jpg","kathakali"
"1209.jpg","kathakali"
"1210.jpg","kathakali"
"1211.jpg","kathakali"
"1212.jpg","kathakali"
"1213.jpg","kathakali"
"1214.jpg","kathakali"
"1215.jpg","kathakali"
"1216.jpg","kathakali"
"1217.jpg","kathakali"
"1218.jpg","kathakali"
"1219.jpg","kathakali"
"1220.jpg","kathakali"
"1221.jpg","kathakali"
"1222.jpg","kathakali"
"1223.jpg","mohiniyattam"
"1224.jpg","mohiniyattam"
"1225.jpg","mohiniyattam"
"1226.jpg","mohiniyattam"
"1227.jpg","mohiniyattam"
"1228.jpg","mohiniyattam"
"1229.jpg","mohiniyattam"
"1230.jpg","mohiniyattam"
"1231.jpg","mohiniyattam"
"1232.jpg","mohiniyattam"
"1233.jpg","mohiniyattam"
"1234.jpg","mohiniyattam"
"1235.jpg","mohiniyattam"
"1236.jpg","mohiniyattam"
"1237.jpg","mohiniyattam"
"1238.jpg","mohiniyattam"
"1239.jpg","mohiniyattam"
"1240.jpg","mohiniyattam"
"1241.jpg","mohiniyattam"
"1242.jpg","mohiniyattam"
"1243.jpg","mohiniyattam"
"1244.jpg","mohiniyattam"
"1245.jpg","mohiniyattam"
"1246.jpg","mohiniyattam"
"1247.jpg","mohiniyattam"
"1248.jpg","mohiniyattam"
"1249.jpg","mohiniyattam"
"1250.jpg","mohiniyattam"
"1251.jpg","mohiniyattam"
"1252.jpg","mohiniyattam"
"1253.jpg","mohiniyattam"
"1254.jpg","mohiniyattam"
"1255.jpg","mohiniyattam"
"1256.jpg","mohiniyattam"
"1257.jpg","mohiniyattam"
"1258.jpg","mohiniyattam"
"1259.jpg","mohiniyattam"
"1260.jpg","mohiniyattam"
"1261.jpg","mohiniyattam"
"1262.jpg","mohiniyattam"
"1263.jpg","mohiniyattam"
"1264.jpg","mohiniyattam"
"1265.jpg","mohiniyattam"
"1266.jpg","mohiniyattam"
"1267.jpg","mohiniyattam"
"1268.jpg","mohiniyattam"
"1269.jpg","mohiniyattam"
"1270.jpg","mohiniyattam"
"1271.jpg","mohiniyattam"
"1272.jpg","mohiniyattam"
"1273.jpg","mohiniyattam"
"1274.jpg","mohiniyattam"
"1275.jpg","mohiniyattam"
"1276.jpg","mohiniyattam"
"1277.jpg","mohiniyattam"
"1278.jpg","mohiniyattam"
"1279.jpg","mohiniyattam"
"1280.jpg","mohiniyattam"
"1281.jpg","sattriya"
"1282.jpg","sattriya"
"1283.jpg","sattriya"
"1284.jpg","sattriya"
"1285.jpg","sattriya"
"1286.jpg","sattriya"
"1287.jpg","sattriya"
"1288.jpg","sattriya"
"1289.jpg","sattriya"
"1290.jpg","sattriya"
"1291.jpg","sattriya"
"1292.jpg","sattriya"
"1293.jpg","sattriya"
"1294.jpg","sattriya"
"1295.jpg","sattriya"
"1296.jpg","sattriya"
"1297.jpg","sattriya"
"1298.jpg","sattriya"
"1299.jpg","sattriya"
"1300.jpg","sattriya"
"1301.jpg","sattriya"
"1302.jpg","sattriya"
"1303.jpg","sattriya"
"1304.jpg","sattriya"
"1305.jpg","sattriya"
"1306.jpg","sattriya"
"1307.jpg","sattriya"
"1308.jpg","sattriya"
"1309.jpg","sattriya"
"1310.jpg","sattriya"
"1311.jpg","sattriya"
"1312.jpg","sattriya"
"1313.jpg","sattriya"
"1314.jpg","sattriya"
"1315.jpg","sattriya"
"1316.jpg","sattriya"
"1317.jpg","sattriya"
"1318.jpg","sattriya"
"1319.jpg","sattriya"
"1320.jpg","sattriya"
"1321.jpg","odissi"
"1322.jpg","odissi"
"1323.jpg","odissi"
"1324.jpg","odissi"
"1325.jpg","odissi"
"1326.jpg","odissi"
"1327.jpg","odissi"
"1328.jpg","odissi"
"1329.jpg","odissi"
"1330.jpg","odissi"
"1331.jpg","odissi"
"1332.jpg","odissi"
"1333.jpg","odissi"
"1334.jpg","odissi"
"1335.jpg","odissi"
"1336.jpg","odissi"
"508.jpg","odissi"
"246.jpg","mohiniyattam"
"473.jpg","odissi"
"485.jpg","odissi"
"128.jpg","bharatanatyam"
"410.jpg","kuchipudi"
"465.jpg","odissi"
"196.jpg","kathakali"
"340.jpg","sattriya"
"467.jpg","odissi"
"306.jpg","mohiniyattam"
"171.jpg","bharatanatyam"
"323.jpg","sattriya"
"332.jpg","sattriya"
"330.jpg","sattriya"
"170.jpg","bharatanatyam"
"479.jpg","odissi"
"9.jpg","kathak "
"283.jpg","mohiniyattam"
"114.jpg","bharatanatyam"
"507.jpg","odissi"
"183.jpg","kathakali"
"200.jpg","kathakali"
"457.jpg","odissi"
"264.jpg","mohiniyattam"
"194.jpg","kathakali"
"518.jpg","odissi"
"175.jpg","bharatanatyam"
"64.jpg","kathak"
"152.jpg","bharatanatyam"
"270.jpg","mohiniyattam"
"125.jpg","bharatanatyam"
"38.jpg","kathak"
"440.jpg","kuchipudi"
"302.jpg","mohiniyattam"
"394.jpg","kuchipudi"
"448.jpg","odissi"
"463.jpg","odissi"
"20.jpg","kathak"
"301.jpg","mohiniyattam"
"28.jpg","kathak"
"61.jpg","kathak"
"398.jpg","kuchipudi"
"349.jpg","sattriya"
"271.jpg","mohiniyattam"
"286.jpg","mohiniyattam"
"431.jpg","kuchipudi"
"316.jpg","sattriya"
"224.jpg","kathakali"
"411.jpg","kuchipudi"
"278.jpg","mohiniyattam"
"456.jpg","odissi"
"45.jpg","kathak"
"324.jpg","sattriya"
"6.jpg","kathak"
"59.jpg","kathak"
"86.jpg","manipuri"
"470.jpg","odissi"
"374.jpg","kuchipudi"
"132.jpg","bharatanatyam"
"216.jpg","kathakali"
"95.jpg","manipuri"
"17.jpg","kathak"
"162.jpg","bharatanatyam"
"346.jpg","sattriya"
"439.jpg","kuchipudi"
"232.jpg","kathakali"
"150.jpg","bharatanatyam"
"401.jpg","kuchipudi"
"145.jpg","bharatanatyam"
"23.jpg","kathak"
"514.jpg","odissi"
"193.jpg","kathakali"
"416.jpg","kuchipudi"
"447.jpg","odissi"
"220.jpg","kathakali"
"505.jpg","odissi"
"147.jpg","bharatanatyam"
"210.jpg","kathakali"
"40.jpg","kathak"
"284.jpg","mohiniyattam"
"55.jpg","kathak"
"378.jpg","kuchipudi"
"520.jpg","odissi"
"484.jpg","odissi"
"112.jpg","bharatanatyam"
"360.jpg","sattriya"
"317.jpg","sattriya"
"71.jpg","manipuri"
"202.jpg","kathakali"
"92.jpg","manipuri"
"11.jpg","kathak"
"67.jpg","kathak"
"138.jpg","bharatanatyam"
"506.jpg","odissi"
"146.jpg","bharatanatyam"
"318.jpg","sattriya"
"198.jpg","kathakali"
"375.jpg","kuchipudi"
"41.jpg","kathak"
"421.jpg","kuchipudi"
"129.jpg","bharatanatyam"
"14.jpg","kathak"
"460.jpg","odissi"
"34.jpg","kathak"
"380.jpg","kuchipudi"
"238.jpg","kathakali"
"392.jpg","kuchipudi"
"80.jpg","manipuri"
"517.jpg","odissi"
"13.jpg","kathak"
"189.jpg","kathakali"
"390.jpg","kuchipudi"
"487.jpg","odissi"
"438.jpg","kuchipudi"
"482.jpg","odissi"
"206.jpg","kathakali"
"217.jpg","kathakali"
"285.jpg","mohiniyattam"
"385.jpg","kuchipudi"
"495.jpg","odissi"
"269.jpg","mohiniyattam"
"429.jpg","kuchipudi"
"291.jpg","mohiniyattam"
"461.jpg","odissi"
"256.jpg","mohiniyattam"
"48.jpg","kathak"
"290.jpg","mohiniyattam"
"437.jpg","kuchipudi"
"498.jpg","odissi"
"173.jpg","bharatanatyam"
"280.jpg","mohiniyattam"
"119.jpg","bharatanatyam"
"363.jpg","sattriya"
"97.jpg","manipuri"
"414.jpg","kuchipudi"
"386.jpg","kuchipudi"
"424.jpg","kuchipudi"
"157.jpg","bharatanatyam"
"33.jpg","kathak"
"354.jpg","sattriya"
"57.jpg","kathak"
"108.jpg","manipuri"
"239.jpg","kathakali"
"441.jpg","kuchipudi"
"215.jpg","kathakali"
"373.jpg","kuchipudi"
"292.jpg","mohiniyattam"
"110.jpg","manipuri"
"510.jpg","odissi"
"275.jpg","mohiniyattam"
"366.jpg","sattriya"
"226.jpg","kathakali"
"35.jpg","kathak"
"458.jpg","odissi"
"358.jpg","sattriya"
